GEOID,X,Y
421010283001,-75.14082259771224,40.0299230729941
421010284001,-75.1380180419532,40.0293964943874
421010038002,-75.18410306604059,39.91768289033148
421010218002,-75.2333245832216,40.05300806766449
421010030015,-75.17304791795357,39.930456834600285
421010337022,-75.06135255001777,40.070469119656316
421010372002,-75.1626611906733,39.91340493941358
421010282001,-75.14393228386838,40.032637979880406
421010369002,-75.19747313680709,39.94647991953886
421010012025,-75.17290655646454,39.94726118767209
421010025002,-75.14675230725604,39.933445738842245
421010118003,-75.23320263329232,39.98223768694091
421010122011,-75.21131359646422,40.003975065973954
421010122031,-75.20934039139662,40.00748726195913
421010376002,-75.15832588642424,39.960194772543716
421010363012,-74.96467358914555,40.09535189676046
421010158003,-75.1269764608727,39.972285283513656
421010390001,-75.0956736373594,40.03632727406176
421010165002,-75.15128526948608,39.99051075098488
421010379003,-75.08873597541246,39.9937361133836
421010183003,-75.07857985222878,39.99973890719685
421010363034,-74.96485120098224,40.10009352905152
421010378002,-75.09151460425855,39.98060966487872
421010378001,-75.11789860848776,39.97189744888824
421010143001,-75.12590667332127,39.967515802447856
421010373003,-75.18458901994055,39.90204973350696
421010372001,-75.16903914551025,39.91399612133265
421010010012,-75.15191918793627,39.94375582332894
421010283004,-75.14350770036123,40.023233132767196
421010004021,-75.17223832537101,39.95417859581332
421010012021,-75.16897544067515,39.94677455480156
421019809001,-75.21402093613275,39.901565649337265
421010030011,-75.1698791023241,39.930045479515286
421019802001,-75.04902506979776,40.069815871267814
421010042013,-75.14895951233696,39.92042463279252
421010086012,-75.21390151149033,39.953648182842045
421010086011,-75.21907335501797,39.95381320942741
421010316006,-75.05434370212716,40.032862469034754
421010373001,-75.17448039457254,39.91043884864565
421010372004,-75.15433580140964,39.91213623176648
421010355002,-75.0307522310864,40.08533400217736
421010355003,-75.03016188247747,40.09240649876606
421010356011,-75.03897689553786,40.09319107590656
421010356022,-75.04387369064177,40.10707080738345
421010357022,-75.03523680997824,40.11712013780505
421010357021,-75.0380016866452,40.11204505236862
421010357012,-75.02669486071527,40.11273894485045
421010358001,-75.02200455356645,40.12023296100419
421010358002,-75.02767555081108,40.12466396505637
421019806001,-75.17071478668595,39.90553818126993
421010195021,-75.13276564278891,40.00392076026556
421010195022,-75.12626347267661,40.00315473515271
421010056001,-75.24473463717516,39.89883279562512
421010358003,-75.03020679730837,40.11921824301426
421010359001,-75.01631498355957,40.11674797129626
421010361002,-74.9965625834105,40.103729525287115
421010362012,-74.98439204854174,40.08538597778339
421010362021,-74.98010810101957,40.09051993538073
421010362022,-74.97814761422326,40.084025148601775
421010362023,-74.98079776662799,40.07733857416726
421010362031,-74.97196946637473,40.08250489973563
421010362032,-74.96877197197811,40.07885105824499
421010363011,-74.96562702068766,40.08880987801103
421010363022,-74.98200114591128,40.09892767727758
421010363031,-74.97079826841254,40.10758451657673
421010363033,-74.9717107626517,40.098703998279696
421010363032,-74.97330647357568,40.10014940618142
421010364001,-74.98675875120442,40.112990254842266
421010365021,-74.99403442314669,40.12455626379166
421010365022,-75.00314827617936,40.122866925627406
421010088021,-75.20397730020774,39.949840175624836
421010101002,-75.23929034640449,39.971468396361885
421010101003,-75.24200278307124,39.97411706769721
421010055003,-75.2480889166366,39.90313491645467
421010111003,-75.2259170484523,39.97224441801978
421010114002,-75.2409493748004,39.98007072675682
421010114004,-75.24257494082941,39.97717225211839
421010149005,-75.18308644028299,39.98154076234583
421010165003,-75.14821998261385,39.987967899299825
421010168004,-75.16713412984026,39.989314527935136
421010172023,-75.17734485008548,39.99763486595614
421010178003,-75.1147375452728,39.991295965645236
421010201012,-75.15389846128167,40.00096287984146
421010385001,-75.20692858434535,40.071613647528594
421010249004,-75.16178285461821,40.05070083496418
421010259001,-75.17277222071465,40.08033977928152
421010259002,-75.17489012261099,40.07818980762537
421010263024,-75.15799450575233,40.07110593916599
421010264001,-75.15800621418613,40.06172594591434
421010266004,-75.14903429153199,40.065370187736065
421010300002,-75.07456502254033,40.02010449193659
421010302002,-75.0804502962193,40.02755873118631
421010305013,-75.10148519980821,40.04193941548089
421010309002,-75.08453960941205,40.04178332298959
421010321002,-75.05661052870174,40.0175633479589
421010326001,-75.0431063548311,40.03455948314464
421010326004,-75.03966268108819,40.03045847245244
421010098011,-75.26539013995723,39.97819506429611
421010100001,-75.24882909365138,39.96769098999556
421010103001,-75.22562099670091,39.96889660354885
421010104003,-75.21925490412283,39.966326160446485
421010248002,-75.16797380593755,40.04614525267047
421010209003,-75.20975852726983,40.016292744703044
421010210004,-75.2180314743542,40.0224945682876
421010216002,-75.24009409692702,40.04111839277019
421010219001,-75.24369716056809,40.05098576245556
421010208001,-75.18794323946621,40.025305921215995
421010208002,-75.19773086131862,40.01841100892348
421010190005,-75.09920416954307,40.00585341675945
421010192004,-75.10928897933672,40.000169905060844
421010342002,-75.07161615594902,40.08282902081944
421010191004,-75.10447549541257,40.01466190391857
421010287001,-75.13313003205181,40.02196654620162
421010190003,-75.09581969659351,40.01159380248405
421010198006,-75.13746927935053,40.00969028045195
421010288003,-75.123896033351,40.023680290464
421010198001,-75.1451465126162,40.01126634956174
421010202001,-75.16204866233534,40.004933753203936
421010199004,-75.14467929203227,40.0031633953208
421010200002,-75.15074093783052,40.00420651784515
421010203001,-75.14927927428421,40.00911833699463
421010176023,-75.13317831397764,39.99770608351403
421010192005,-75.12090017539475,39.99986177158193
421010188004,-75.106156169849,39.995304459269526
421010179004,-75.11106343757511,39.98937104564273
421019803001,-75.00626369085369,40.08665102036333
421010273003,-75.1176474234536,40.04284383988648
421010220001,-75.25023198680498,40.05915540668713
421010360001,-75.01045386373873,40.10473902391516
421010231001,-75.2029763214716,40.06637051877997
421010237002,-75.19006058900125,40.05244090033582
421010158006,-75.12624762955996,39.97422780876841
421010158002,-75.12779935022286,39.97580426162077
421010378003,-75.11690486233371,39.97916426882663
421010160006,-75.12271313606934,39.97599800275201
421010160002,-75.12581554412783,39.9776764851485
421010160005,-75.12800276405386,39.97928717539837
421010160007,-75.12497842677891,39.98044837803135
421010161004,-75.12759788940465,39.9851367372609
421010161003,-75.1271893946329,39.986689743806714
421010162003,-75.13627086660776,39.98370559936769
421010173001,-75.16515152721519,39.99847792557342
421010175002,-75.14017467876934,39.99683228793688
421010175003,-75.14385242234363,39.99337187208042
421010175004,-75.14446612236674,39.99503576144961
421010176011,-75.13658334691225,39.997082427905255
421010176014,-75.1328517614814,39.99416882474967
421010176021,-75.1276599871372,39.99675156800294
421010176022,-75.12785742471267,39.994020926693395
421010177011,-75.11834237034338,39.995289251699695
421010177022,-75.12147705331726,39.9935419155701
421010177021,-75.12519408578528,39.99175932818984
421010177024,-75.12399395385538,39.99469105965724
421010177025,-75.12333204308462,39.99777237716095
421010178001,-75.11357996777893,39.994698094079396
421010178004,-75.11671245490301,39.99002961529677
421010178005,-75.11706241223138,39.992832673065436
421010179002,-75.10876790579447,39.987760228686774
421010179001,-75.11425588230095,39.98668013228543
421010180021,-75.10568031506637,39.98574385832839
421010180022,-75.10428162259728,39.98273113426812
421010180024,-75.10808045786762,39.98083001625657
421010180012,-75.11117196543043,39.982880917658
421010180023,-75.10843405212238,39.984228380187425
421010183001,-75.07228353996271,39.992231573141375
421010195012,-75.12699813961376,39.99983039965352
421010195013,-75.13038649448578,40.00027110608184
421010195023,-75.13092151435477,40.002691114691665
421010383002,-75.13078175104411,40.01602345668747
421010383003,-75.1334638969873,40.01509537058823
421010197005,-75.1406097185842,40.014191956255466
421010207003,-75.1873661765126,40.01207551726146
421010209002,-75.2054042402702,40.01870566555842
421010388001,-75.19833574241535,40.0597469692699
421010184002,-75.06342423314116,39.996950283052705
421010298004,-75.06622300012341,40.013107236206054
421010321001,-75.058640800271,40.01532782924879
421010178002,-75.11196170716467,39.99226533547889
421010236001,-75.19463777650022,40.04779526722151
421010236002,-75.19177128600799,40.04152248961741
421010237001,-75.18791497771952,40.04405533048844
421010237003,-75.19038512700992,40.04731088928927
421010238002,-75.18105083592285,40.03969076343231
421010238004,-75.18413383942342,40.03672610984305
421010239001,-75.1862933525323,40.03508394218391
421010239002,-75.1881205651703,40.033181597008024
421010183004,-75.0771794675594,39.99651718399861
421010240001,-75.18262505390435,40.02830828259332
421010329001,-75.02382967137638,40.04064634444344
421010329002,-75.02489537377657,40.03503469335517
421010329003,-75.02756663572296,40.03377218134922
421010329004,-75.02880300949542,40.036484073938944
421010330001,-75.0341818231323,40.03801175201497
421010330002,-75.0326433608004,40.0359991389042
421010330006,-75.03803898603785,40.034801737085985
421010335003,-75.069234903317,40.055965612996346
421010337013,-75.04698871163706,40.06457633431741
421010337012,-75.05161833271829,40.065458174011034
421010337023,-75.05446175720363,40.06789000545029
421010337024,-75.05623178121192,40.06902322632028
421010337021,-75.0515233687793,40.07387072196331
421010337011,-75.04767890277304,40.072625357653294
421010338002,-75.07299388073882,40.05845883813838
421010338004,-75.07769940599567,40.06160443360351
421010339001,-75.08162654538059,40.06756645011927
421010339002,-75.0850249301249,40.06629095360242
421010339003,-75.090156905309,40.069908283779675
421010340002,-75.07302776442478,40.06911930696236
421010340003,-75.07733255460829,40.06905596342758
421010341001,-75.07483177065022,40.0779109303544
421010341003,-75.08056879723371,40.072752017961605
421010298001,-75.06982144177206,40.019265484762876
421010298003,-75.06830232694278,40.01607184808817
421010299003,-75.07186792318885,40.01287206723329
421010299001,-75.07668361905101,40.013310174617615
421010300003,-75.07706719946216,40.01735319653813
421010300006,-75.08318329932678,40.015918615405326
421010300007,-75.0800991078165,40.01914426447844
421010300004,-75.07654913936159,40.021943665925505
421010301001,-75.08403675536464,40.02072517165767
421010301002,-75.08674470376529,40.01808611332998
421010302001,-75.07881717552574,40.02427220611875
421010325001,-75.04774302146706,40.031585217729265
421010325002,-75.04791434066497,40.02579230782413
421010326005,-75.03650442791573,40.02948904980311
421010341004,-75.08584390857975,40.075060897531486
421010341005,-75.08274073058156,40.07852378587418
421010344001,-75.04906733396855,40.08461782990324
421010344002,-75.05202439077239,40.08901671342134
421010346001,-75.02459536892582,40.07225396699449
421010348031,-75.00049717551579,40.05994086927942
421010348032,-75.0048110648861,40.06502594305898
421010348033,-75.00787092688404,40.06149764161431
421010349001,-75.00462536834583,40.047927529519
421010349004,-75.01837045846301,40.04169577928791
421010352001,-74.98835751397093,40.0579290958129
421010352002,-74.99377230439701,40.05099052095469
421010352003,-74.99944591690279,40.05446258646929
421010247005,-75.16908873965535,40.040789581667205
421010249001,-75.15940625741247,40.05375072136489
421010249002,-75.15881345324384,40.050739401624085
421010249003,-75.1596035692568,40.048153813426694
421010389003,-75.17327984955544,40.054179242160885
421010252002,-75.17879453878051,40.04243799320691
421010252003,-75.17817382218918,40.04507549687486
421010252004,-75.17636937252834,40.04648776489783
421010252007,-75.17622037582802,40.049799060871806
421010252005,-75.17367931363711,40.04814226632277
421010253004,-75.18357502478209,40.05706726326223
421010254001,-75.1716440501684,40.05999956681709
421010254002,-75.17698625888245,40.0576775572855
421010255003,-75.18735549922438,40.05923747707227
421010256002,-75.18959618933845,40.06357499588687
421010256003,-75.19212588193295,40.067401744669255
421010263014,-75.16439802150357,40.0704159816206
421010263021,-75.15424783502866,40.06916038142767
421010263022,-75.15563498861063,40.06571306573348
421010263023,-75.16071487763874,40.06829741458456
421010264002,-75.16038089708667,40.0588215754735
421010264006,-75.16376803448685,40.065337792633414
421010264007,-75.15944973549556,40.06510561334408
421010264004,-75.16089455498349,40.0625958751418
421010265002,-75.15499060976137,40.05959213930341
421010265003,-75.15154211092958,40.05964390903548
421010265004,-75.15243802607482,40.05750814800959
421010265005,-75.15536548173958,40.05569691957465
421010266001,-75.14461246996126,40.06162922546797
421010266002,-75.14641537487269,40.06505658780451
421010266005,-75.14942664976903,40.06386417849525
421010266006,-75.14957168124816,40.061444592653956
421010266007,-75.15196296071089,40.06569757829838
421010266008,-75.15033420158565,40.068554024082246
421010267001,-75.14412344863352,40.05685647994055
421010267003,-75.14687125700112,40.051941260392915
421010267007,-75.1474844075387,40.057174375891
421010267004,-75.14762160514863,40.0544149797053
421010274025,-75.12419851473895,40.04428341134124
421010274022,-75.1260967088933,40.0340606660439
421010274013,-75.12947145683347,40.03445054634968
421010274011,-75.12790409984052,40.04296060598724
421010275001,-75.1320211499638,40.04355575035099
421010275002,-75.13125495140565,40.039199499301596
421010275003,-75.13292188226858,40.03492358687881
421010276001,-75.13676553149249,40.042293302392466
421010276002,-75.14190236093147,40.040264972289215
421010276003,-75.14137215408084,40.04264283020803
421010276004,-75.14053610232273,40.045615287786056
421010277001,-75.14522059190725,40.04957613338186
421010277004,-75.15422687876399,40.05194745872477
421010278003,-75.14735379386256,40.03843060736277
421010279011,-75.15295893411727,40.047593462682386
421010279021,-75.15225431932949,40.04150454134798
421010279013,-75.15659329164454,40.0472114106635
421010280004,-75.15141219741272,40.023996220696
421010280002,-75.1571075471022,40.02728149319402
421010283002,-75.14148815684403,40.026903024980506
421010283005,-75.1438527785506,40.02720886258372
421010283006,-75.14313370128826,40.03006612430872
421010283007,-75.14593075141845,40.028096999900725
421010284002,-75.13741802564108,40.0273320957139
421010289022,-75.11317666853874,40.022977120043116
421010289013,-75.11467171567699,40.01959335607036
421010290001,-75.11351777158494,40.03319543143421
421010290002,-75.11404577870503,40.029634175093484
421010291001,-75.107185980271,40.03868283306034
421010291003,-75.1051003693777,40.03218888200413
421010302003,-75.08338556718964,40.02480819350104
421010302004,-75.08680340857035,40.02648363387467
421010390006,-75.09044472868891,40.03839087384982
421010390002,-75.09001282590962,40.0353257449535
421010390003,-75.08874642707077,40.03426300979881
421010390007,-75.09085216929398,40.03156353179413
421010305011,-75.09750705870947,40.04487549112041
421010305012,-75.09987761752392,40.04088087738305
421010305024,-75.10462634329723,40.04267643709005
421010305025,-75.10807932546756,40.04446162633701
421010305023,-75.10506237938495,40.04886319897679
421010305021,-75.10204272804869,40.0463550826467
421010306001,-75.08897104151413,40.048830416320456
421010306005,-75.10031579996034,40.05107393653322
421010306006,-75.09602714361093,40.054106944924115
421010307001,-75.08664709739645,40.05829989877735
421010307002,-75.08867936112968,40.05357418764782
421010307003,-75.0897366813942,40.0587648851742
421010308001,-75.08234866032394,40.05644354124787
421010309003,-75.0865186920257,40.04285472958866
421010310005,-75.07801402661062,40.04738251270214
421010310006,-75.07869711647625,40.04936572112271
421010310007,-75.07577759213703,40.05150966415801
421010310002,-75.07336091822421,40.05355007835314
421010311013,-75.0793789424494,40.040208958237145
421010311024,-75.08154025242219,40.037935799778474
421010311022,-75.08613342401225,40.03541872391765
421010311021,-75.0838665866343,40.038930534415236
421010311014,-75.08004092309207,40.04378695143689
421010183002,-75.07183976359792,39.99863707172592
421010184001,-75.07133347018485,40.00508878221863
421010379005,-75.09747784553093,39.98632124118239
421010379004,-75.10117785592874,39.98469300611295
421010379001,-75.10299314512855,39.98673993459508
421010379002,-75.0998423838734,39.98808743227331
421010188005,-75.11076763543848,39.99494641415647
421010188006,-75.10924026454646,39.99657623323902
421010188003,-75.10392717753038,39.99994720122285
421019807001,-75.14443274325637,39.90897902393941
421010112006,-75.23473533700363,39.97502817757175
421010152003,-75.17310379672553,39.98530693811733
421010011014,-75.16284217765576,39.94575370005126
421010388003,-75.19164631647155,40.056502619970374
421010353022,-74.9978740080801,40.071842869651256
421010062003,-75.23328597524637,39.91795721371921
421010071024,-75.22863146917469,39.9423823295523
421010038004,-75.18108475684936,39.921488774882015
421010254003,-75.1808019093986,40.05942594689631
421010247001,-75.16533705785322,40.04241952449651
421010100003,-75.24844906337285,39.973717679200995
421010113001,-75.23696753937753,39.97968473582244
421010013005,-75.1865086123397,39.94298059729555
421010020001,-75.18254376609399,39.938098983693074
421010021001,-75.17882248044141,39.93758178464265
421010020002,-75.1865668654322,39.938195842067294
421010190001,-75.10118878867539,40.007555173535636
421010191003,-75.10446620781457,40.007906692235565
421010192001,-75.11802452387667,40.00104359895643
421010197003,-75.13778873248275,40.018446115561346
421010198005,-75.14108960288779,40.01140784621891
421010199001,-75.1390074123846,40.00608570464238
421010200001,-75.15114474653225,39.99994360545224
421010201024,-75.15379841843249,40.01300317555726
421010201021,-75.15353507133487,40.01034406103837
421010201022,-75.15380822272243,40.008763944993
421010201013,-75.1562879805536,40.00126958161042
421010201023,-75.1565069401275,40.01131831312941
421010202006,-75.16315904427783,40.00762052501512
421010202004,-75.16344560871856,40.01025944255203
421010202002,-75.16657029285759,40.007553184206195
421010203002,-75.1498172833518,40.01507254333963
421010204002,-75.15104991997974,40.018332262045114
421010204004,-75.15395686650018,40.019062097065344
421010205002,-75.16691358257465,40.01350267239594
421010207001,-75.19358072822816,40.01572340366073
421010207002,-75.18860783705296,40.014185131361735
421010331021,-75.02374495956326,40.04594460764744
421010331022,-75.0278361193382,40.043570287617705
421010331023,-75.03087437822735,40.04230997975581
421010331012,-75.03826354413998,40.03871220637539
421010331011,-75.04177741135274,40.039689541940724
421010331014,-75.03694591841999,40.042020555457334
421010331024,-75.02980744859406,40.04627364877201
421010333001,-75.04141967218244,40.059151110023066
421010333002,-75.04363225705157,40.05316180653
421010334002,-75.05203285361198,40.053949910524544
421010334003,-75.05261546060818,40.058326422463864
421010347011,-75.03086202052553,40.06005215572253
421010347012,-75.03284564863858,40.0655666074367
421010347013,-75.03602504707251,40.07014047567782
421010347021,-75.02613025397386,40.06157282476302
421010347022,-75.0258028724522,40.05393836301006
421010347023,-75.03187459664413,40.05397905210229
421010348012,-75.02045988146052,40.05865136682993
421010348021,-75.01676970767203,40.06652188801969
421010242001,-75.17007338177392,40.03071720694721
421010242004,-75.16947024665417,40.02616383872901
421010242002,-75.17261890895611,40.0280178017024
421010243001,-75.17538633894982,40.02409679932486
421010243003,-75.16706738180802,40.02177824318953
421010243004,-75.16855273661815,40.019680297420784
421010244002,-75.1620145495268,40.024591355245065
421010244001,-75.1651512555818,40.02281065256996
421010245001,-75.1639304681001,40.03093395888645
421010246003,-75.17440795895264,40.039005430714894
421010247003,-75.16644642469188,40.038056351987436
421010257001,-75.19445810381191,40.07381572644048
421010257002,-75.19676134090976,40.070898447529025
421010259004,-75.17923634905794,40.07958549472911
421010259005,-75.1769334869848,40.0813446935772
421010259006,-75.1753169422722,40.08299918733788
421010260002,-75.1695557074444,40.07377356677976
421010260003,-75.17264832242617,40.07557317697832
421010261002,-75.1775124866841,40.0676552928307
421010261003,-75.17726373764776,40.07268655578957
421010262002,-75.16799000151981,40.06959190450261
421010262003,-75.16918618788094,40.06751072016203
421010263011,-75.16550300639395,40.07215407185455
421010263012,-75.1636637582923,40.07502413242013
421010263013,-75.16116336800312,40.07363186333334
421010268001,-75.13912188965645,40.06068301794398
421010268002,-75.13878427637974,40.05575244868684
421010268003,-75.14184652649821,40.054918856716846
421010270001,-75.12963643848717,40.048915762778194
421010271002,-75.12416883335685,40.04739152066665
421010271003,-75.12652773887227,40.048292549825085
421010272001,-75.11509928104762,40.048240939514244
421010272003,-75.1207702858675,40.048512162571726
421010273001,-75.11711056242576,40.03815646326798
421010273002,-75.12065370649245,40.03461291995701
421010125003,-75.1772988119073,39.961913465751984
421010125002,-75.17121367582844,39.96244439164444
421010131002,-75.15014345364386,39.9632738120505
421010132001,-75.15506845412374,39.966599748542215
421010133002,-75.162349714137,39.968395121183676
421010286002,-75.13050459853608,40.02510254053257
421010286005,-75.12648940593517,40.031006092681025
421010287002,-75.12969386236766,40.02166743299941
421010288002,-75.12128731707581,40.02191312993228
421010289021,-75.10787707598426,40.020304462998304
421010289012,-75.11418309531044,40.01561288173483
421010289024,-75.11862572058078,40.0243618322848
421010289025,-75.11556145728406,40.02572600999219
421010289023,-75.11607063280212,40.023549411243586
421010134022,-75.1671253249378,39.96622316892041
421010134021,-75.17053835717002,39.96612212780757
421010135002,-75.17033584403445,39.96941387473928
421010135003,-75.17184815457176,39.97052219303719
421010136022,-75.18301551098439,39.97204810233789
421010137004,-75.1835489728231,39.97424320101207
421010137003,-75.18279437260665,39.979010524440916
421010137001,-75.18336212469707,39.976469373621825
421010138001,-75.17666355746056,39.97811821975666
421010291002,-75.10980480954743,40.03497733526214
421010292001,-75.10888137347509,40.02673286112032
421010292002,-75.10083242540021,40.0227700825959
421010294001,-75.08302419164836,40.01226743731053
421010210005,-75.21257412782224,40.02292263808166
421010210002,-75.21688310309631,40.02550744279708
421010211001,-75.20549499260923,40.02263705077621
421010212001,-75.21353060860548,40.035915450073325
421010212002,-75.21031771371156,40.03244609175709
421010213004,-75.21738430353044,40.02970165707141
421010214005,-75.22209850870276,40.03033482669399
421010214004,-75.22623185925383,40.02957342457577
421010214003,-75.22400780008384,40.027711391441784
421010215003,-75.22440174342152,40.03506965869091
421010215004,-75.23069159397214,40.03605076364248
421010139003,-75.17204326376851,39.973281309314444
421010139001,-75.172800501884,39.97796057778094
421010140002,-75.16354895270472,39.97490404619631
421010142001,-75.14548315407461,39.9679219475351
421010216001,-75.23193844560676,40.0397928977665
421010217001,-75.223548969402,40.0483702894555
421010217002,-75.22955403926545,40.04694040774014
421010217003,-75.2219757812419,40.042185864523944
421010217004,-75.21796088348484,40.03936416270641
421010218001,-75.23224438730772,40.061277454502296
421010384001,-75.23225570002205,40.07328477025049
421010312001,-75.07945919561989,40.03563244834386
421010313003,-75.07171853595634,40.038184972118735
421010313004,-75.07461146029142,40.040734897198554
421010313005,-75.07169481391553,40.042400976622154
421010313006,-75.06974026903683,40.04088036115948
421010314022,-75.06207846015668,40.0404167193428
421010314013,-75.0657157308709,40.04241966186017
421010314014,-75.06828693700945,40.043837353719766
421010314015,-75.06988232537114,40.045692452619434
421010314011,-75.0662617541526,40.04890503673564
421010314012,-75.06453658899697,40.04625309164001
421010314023,-75.06087315955516,40.04537064984932
421010315012,-75.0470084675347,40.035461028546564
421010315021,-75.05635855066723,40.039213970015794
421010315022,-75.05261511754338,40.04145309161127
421010316004,-75.06144584872487,40.03044424795086
421010143002,-75.1278125475362,39.96989623672718
421010144001,-75.14286295670544,39.97111862068599
421010146002,-75.15318434819515,39.975190581979746
421010149001,-75.17407670783513,39.98084331495255
421010149002,-75.17646446384742,39.98114346176723
421010149003,-75.17876278608819,39.98144153845422
421010151021,-75.1768251408036,39.98604850327399
421010151022,-75.18152125387728,39.984842849914706
421010316007,-75.06184659287798,40.03525166700974
421010317003,-75.06381757038949,40.02865213915149
421010317001,-75.06613274535222,40.029084649830125
421010317005,-75.07081621461076,40.02846044495699
421010317002,-75.06979338339413,40.03276723941498
421010318002,-75.076267439663,40.02910873618465
421010319001,-75.06256618200831,40.025293350389845
421010319002,-75.06043412423188,40.02194343243819
421010319004,-75.06538290980956,40.021855164281675
421010320001,-75.05050313963154,40.029258584072544
421010320002,-75.05369947412034,40.026553565633876
421010320006,-75.0559270771561,40.02465517158598
421010320005,-75.05985484075349,40.02625304635454
421010163003,-75.13222383445414,39.989474175198275
421010164004,-75.14379849285581,39.98800324262003
421010165001,-75.15098306127312,39.9926632297593
421010166002,-75.15483158453809,39.98768602049887
421010167024,-75.1584804502199,39.98739176478518
421010167021,-75.15918903053534,39.98983118164388
421010167022,-75.15872536514358,39.99271296494798
421010167013,-75.1622756085939,39.988649187206406
421010167012,-75.16247502208853,39.992977774484544
421010168003,-75.16496173227269,39.988997895998395
421010168002,-75.16968373688155,39.99349456770547
421010168005,-75.16934273835065,39.99503350059289
421010169011,-75.17348414435455,39.994797119376315
421010169012,-75.17493555384898,39.991356914439194
421010169013,-75.17789348588786,39.993015429252715
421010169021,-75.18079495578355,39.9957405314444
421010151011,-75.1860867934305,39.985418291235185
421010151012,-75.18542244582112,39.98846719184375
421010151023,-75.18144985263626,39.98809215883093
421010377003,-75.14726597327864,39.98354287716275
421010157001,-75.1362116212707,39.9808212601791
421010158004,-75.13285318593466,39.97042781489035
421010158005,-75.1319366258756,39.97302679661321
421010169022,-75.18320025887505,39.99095307473169
421010169023,-75.1829809494587,39.993282398827425
421010169024,-75.18517041697562,39.99627547120091
421010170002,-75.17609773917084,40.01052994207157
421010170003,-75.18259108679331,40.00750097973269
421010172011,-75.16848854214838,39.99890926245285
421010172012,-75.16978709806905,39.996723467677825
421010172021,-75.17265662942056,40.000177827369775
421010172022,-75.17513874673183,39.9984674390071
421010109002,-75.18964345556323,39.96429290958814
421010201011,-75.15517299524144,40.00573826155771
421010008042,-75.16534778369486,39.9484875370016
421010362011,-74.9842884323385,40.079195116589794
421010010023,-75.1468592682299,39.9466591479778
421010001002,-75.14739272140315,39.95346834681985
421010008034,-75.17345832992558,39.949659441533484
421010007001,-75.17500481103322,39.95145969905568
421010369003,-75.18768986739363,39.95386430457898
421010369001,-75.18990053413927,39.95119310234962
421010016002,-75.14610894576934,39.93991307763306
421010323001,-75.05224677435218,40.01882737896555
421010326002,-75.04207675205562,40.033312451345594
421010329005,-75.0301400916824,40.03916859727119
421010331013,-75.03391036444424,40.04114454088024
421010335001,-75.06522998932356,40.05779047622137
421010366001,-75.13895098587466,39.944860050859155
421010002001,-75.15697747103509,39.955399887149404
421010367001,-75.14346430487784,39.95960793445306
421019805001,-75.14390671959882,40.01752917498995
421010003001,-75.16756138391315,39.956711956088284
421010007002,-75.16891528517067,39.95070100214627
421019800001,-75.20021717821254,39.98505462364202
421010008043,-75.16677074512522,39.94828967231898
421010101006,-75.24561449295477,39.97394606555209
421010112004,-75.23609241975632,39.97172874362901
421010152005,-75.17360051353505,39.983058116400876
421010209001,-75.20900541178905,40.020491332483964
421010213005,-75.22244404349796,40.03321924660156
421010387001,-75.20235725163361,40.076659909175106
421010240003,-75.17533843263244,40.02722771646246
421010247002,-75.16144155252842,40.04208791605455
421010252001,-75.17404729007323,40.044358728637945
421010253002,-75.18236076370849,40.0510004408095
421010262001,-75.16470183338224,40.06784662557728
421010265006,-75.15808450570167,40.05701620715215
421010275004,-75.133458227078,40.03884913094215
421010014003,-75.16853981059326,39.94265748370045
421010313001,-75.06781052167784,40.0398210509287
421010314021,-75.05774390357378,40.04318654443561
421010315015,-75.04851110407895,40.03934366256122
421010320007,-75.0534418709087,40.02978312269232
421010284004,-75.13865982027467,40.021788394462
421010019002,-75.17533183503642,39.94018477828762
421010066004,-75.23166720667604,39.92690165051086
421010084001,-75.23347677061501,39.955950530991586
421010106001,-75.20982876981766,39.96553636265928
421010110001,-75.20516891323811,39.972420152500426
421010110002,-75.21134757656665,39.97535850799321
421010110003,-75.20735414671788,39.97433523531985
421010111001,-75.2189633104927,39.97705324194092
421010111002,-75.22094495160313,39.97163925994549
421010111004,-75.2281518383368,39.97544518485038
421010107002,-75.20562599414407,39.96667980792241
421010247004,-75.16153139567504,40.04607743206817
421010133001,-75.1635796877077,39.96471527276865
421010135001,-75.17339072802999,39.96914356994781
421010191005,-75.10848341398777,40.005146586573616
421010288001,-75.12591113818236,40.020297472825455
421010260001,-75.16805027784697,40.07722871648682
421010294003,-75.08364736069724,40.01044675617507
421010310003,-75.07206879157528,40.04788564737744
421010326007,-75.03661540827045,40.02626012776063
421010344004,-75.05999747704044,40.09961268748117
421010010021,-75.14598672272987,39.943535256092545
421010136011,-75.17677337939246,39.968643774755726
421010167023,-75.15655396299753,39.991257407185195
421010172024,-75.1722413782962,39.99807218030903
421010176012,-75.13877144359563,39.99425486838972
421010188001,-75.10041039659826,39.99925089252568
421010353011,-74.9848521127264,40.06895023296116
421010334004,-75.05571736282418,40.04928835476656
421010036003,-75.19047326263292,39.924337060968234
421010383001,-75.12379715844426,40.01018489416979
421010060004,-75.24142533455277,39.91479343895175
421010086021,-75.21499729362576,39.95737516287479
421010375001,-75.25034433049906,39.98663126970546
421010087021,-75.20679994817036,39.95502510352008
421010098023,-75.27093758042376,39.97602619605539
421010103002,-75.22516752847706,39.966254050646484
421010389001,-75.16618660869487,40.05318565445623
421010235001,-75.20079310440849,40.039443651218065
421010385002,-75.21629662190158,40.07756297746627
421010264005,-75.16541005653768,40.06207771326274
421010252006,-75.17992489911711,40.04932815941254
421010254004,-75.17588467125842,40.062100216374276
421010255002,-75.1815012359338,40.06423947464213
421010256001,-75.18661075838558,40.068728177740596
421010258001,-75.18231130685788,40.07398014070381
421010262004,-75.17064071900225,40.06471987323901
421010312002,-75.07505324815259,40.036646133975985
421010325004,-75.04369119687235,40.02287327204486
421010332002,-75.04297555159397,40.04356264205371
421010319005,-75.06790961849845,40.02446480014026
421010325003,-75.04404752851553,40.02745799046907
421010267005,-75.15220638984836,40.0538404241955
421010269002,-75.13368437011569,40.05607936791328
421010270002,-75.13493641828002,40.04952993002188
421010271001,-75.12458709414112,40.05236315212881
421010290003,-75.12046667089677,40.0303486664869
421010282002,-75.1371490666152,40.03405007023906
421010282003,-75.14176413332349,40.03668226779012
421010278002,-75.14566269799995,40.04271408244123
421010278004,-75.14674883231518,40.04665793782715
421010330004,-75.03135725595874,40.03087559436368
421010333003,-75.04794991222838,40.051646471432136
421010356021,-75.04733482839339,40.10327087857571
421010119001,-75.23059555232241,39.9854144344847
421010134012,-75.17415639146478,39.965681727449066
421010136012,-75.18017200965987,39.9692574567311
421010377002,-75.1479145798806,39.98147284809994
421010348023,-75.01126364610029,40.06209597751284
421010387002,-75.21618395450844,40.08431827381362
421010386001,-75.21027377586573,40.058052008402115
421010388002,-75.19438935880558,40.05722130102856
421010279022,-75.15471218614614,40.036639471405906
421010279014,-75.1558026057273,40.04433606601121
421010377001,-75.15361342532844,39.98313775047873
421010160003,-75.12051167031926,39.97961030098813
421010180011,-75.11335888227313,39.97962356145339
421010166001,-75.15318726273603,39.98951528932148
421010195011,-75.13501242961989,40.00086936452129
421010382001,-75.1015148898108,39.99389351149752
421010389002,-75.16888932248959,40.05810346942803
421010286001,-75.12480482702239,40.02835613567911
421010320003,-75.05658050419763,40.027875055452895
421010010011,-75.15132453877982,39.94734799697037
421010004022,-75.16812635261131,39.953155825890036
421010008032,-75.17503161108499,39.94947401716528
421019801001,-75.21194796279406,40.04707053826344
421010081012,-75.23789858505941,39.94750588696064
421019808001,-75.26257684767137,39.97159260548704
421010382003,-75.09409010445492,40.00108839962725
421010379006,-75.09453499672429,39.98929915942844
421010281002,-75.14989684873906,40.02936286243292
421010278001,-75.14865776117625,40.04295972959322
421010280003,-75.15360399693516,40.02836708814177
421010381001,-75.05592959397643,40.0104657890155
421010380001,-75.08334733099335,40.00410554395827
421010380002,-75.07433069771787,40.00804420841859
421010285001,-75.13373585030172,40.028715516436016
421010293001,-75.09191045556382,40.016259950902786
421010293002,-75.09167322699747,40.01112400343908
421010236003,-75.19622037154633,40.04150797330831
421010294002,-75.08806188585285,40.00758638397694
421010321003,-75.06041092334283,40.018566021815566
421010362033,-74.97690709472512,40.073085155345105
421010359002,-75.01762375061888,40.10948479138224
421010376001,-75.15174675746518,39.95958256683022
421010367002,-75.14547528422632,39.96389270459088
421010125001,-75.16587518113877,39.96042811462017
421010237004,-75.18534712083364,40.04754948636871
421010241001,-75.17591747448431,40.03327341593949
421010240002,-75.17916394282823,40.02989519552258
421010242003,-75.16667295353538,40.0287188916759
421010245002,-75.16014927117091,40.03065853074492
421010299004,-75.07307991041289,40.01637433345915
421010308004,-75.0837887956199,40.0512963045453
421010309001,-75.08297364829842,40.04617343367811
421010318001,-75.07531759167438,40.032527583759595
421010308003,-75.08081564418919,40.054424457181135
421010335002,-75.06245947264888,40.052752161031705
421010008011,-75.18005085869444,39.950059966503126
421010011013,-75.16091398460996,39.945310514371684
421010027021,-75.14882677426934,39.930161258053204
421010036001,-75.18949137036047,39.92871754960318
421010381002,-75.0303702189363,40.02181024525314
421010373002,-75.18544876330392,39.91073881344687
421010214001,-75.2258627109575,40.026678531732685
421010384002,-75.23618174137563,40.06592183073358
421010375002,-75.25785190067054,39.98238918278428
421010302005,-75.08389070965971,40.029454669063966
421010365012,-75.01663272264825,40.13232109407286
421010353012,-74.99234535639359,40.06719618830274
421010323003,-75.0499468129898,40.022267667944845
421010011021,-75.15591609402092,39.94389037003881
421010310004,-75.07473644398209,40.04508270394688
421010085002,-75.22357559781322,39.95651732043097
421010040023,-75.16925567227473,39.917853133757376
421010279012,-75.15187162775047,40.04496584859163
421010018001,-75.15452974626932,39.939218932426776
421010311011,-75.07642400126822,40.043312466779184
421010071012,-75.22541822469756,39.93786503297614
421010246001,-75.16964218430532,40.03513399104711
421010144003,-75.14446400936335,39.97331732312211
421010146001,-75.15518785284641,39.9773974414949
421010156001,-75.141439272841,39.977844378306784
421010153004,-75.16224965690435,39.98262102651891
421010149006,-75.18586829012257,39.98251289476989
421010101001,-75.23949713390182,39.97439373991641
421010156002,-75.14253240405735,39.98065672351174
421010191002,-75.10382264754794,40.010992541668
421010198002,-75.14288163851944,40.011331672931185
421010197002,-75.13783197941623,40.01299621330982
421010277003,-75.15181573233721,40.05050849718714
421010300001,-75.07250742622941,40.022801291838135
421010163002,-75.13595358327028,39.98995573828111
421010336002,-75.05714265941977,40.059042672328154
421010168006,-75.1657601152796,39.99287273566738
421010289011,-75.11835917043402,40.02076312750917
421010162001,-75.13398859140571,39.98340949207918
421010175001,-75.14499602449015,39.998137308852044
421010107001,-75.20953746830588,39.97163333373345
421010108001,-75.1997250749988,39.96875790991865
421010108004,-75.1998545308108,39.96286463477239
421010320004,-75.05765718380884,40.02338440451415
421010330007,-75.03501050747042,40.0347268624513
421010134011,-75.17712093566423,39.96642858664299
421010188007,-75.10691960944501,39.998065142147155
421010072005,-75.23248711105762,39.944332658254474
421010088011,-75.1986892323916,39.952796861228144
421010096003,-75.24457866197463,39.96324116240894
421010274021,-75.12454043696034,40.04275264816921
421010177012,-75.11435684258933,39.996902228486995
421010029002,-75.16733111115049,39.93035173686169
421010077001,-75.20866180427193,39.948208115906446
421010245003,-75.16112050790339,40.03650602287431
421010272002,-75.11536677336109,40.045757137172956
421010291004,-75.10955035189936,40.029566794295775
421010361003,-74.98603719333559,40.09427039013634
421010112005,-75.23703186302386,39.97466704578554
421010112007,-75.23258196007131,39.97505860762533
421010113003,-75.23629111290144,39.977231584859965
421010114001,-75.24779000067174,39.97946375274775
421010115001,-75.25105818003664,39.97967731736722
421010115002,-75.25345116276442,39.97789329292254
421010118001,-75.235458869843,39.98987636034039
421010118004,-75.23655880548745,39.98520074654004
421010118005,-75.24154966074428,39.98682821558686
421010118006,-75.23843148625275,39.98831167073162
421010119004,-75.22973503860123,39.99051754299714
421010119005,-75.2294971597566,39.989010246133866
421010119002,-75.22817215624617,39.98563217057896
421010119003,-75.22684397485584,39.981194799888065
421010121001,-75.2225613138379,40.001291741582826
421010121002,-75.22265424920101,39.994700857896525
421010122041,-75.20661266174905,40.00160369380114
421010122042,-75.21548993506433,40.000581202636745
421010112002,-75.23043955510832,39.972354392111605
421010112003,-75.23317401688618,39.97205223300782
421010356014,-75.02909280963918,40.09966609824945
421010351002,-74.9834485594801,40.046529869774496
421010356012,-75.03587138823717,40.10081622425049
421010008031,-75.17678493118648,39.94969092215818
421010161001,-75.12997751393097,39.982557431910934
421010345021,-75.04409204127994,40.08399687790386
421010008033,-75.17220901882685,39.949003826417346
421010010022,-75.14764097783407,39.944114627123525
421010356013,-75.0439126992709,40.09629895673485
421010091002,-75.19680512477731,39.958616035496284
421010351001,-74.9882768093982,40.04893246782336
421010005001,-75.15817764035553,39.95195337761339
421010345012,-75.03889187345143,40.07659749405365
421010004011,-75.17658664005842,39.95415707115413
421010015002,-75.1611427986719,39.94214762712299
421010018002,-75.1610854809187,39.94029011938644
421010014001,-75.17334375872456,39.94299652015827
421010218003,-75.23096615240229,40.05675918611872
421010345011,-75.03976503095767,40.07194690985925
421010345023,-75.0410350488007,40.081736362902284
421010362014,-74.98675956337296,40.07794689530558
421010348013,-75.01364914982766,40.05212425143439
421010361001,-74.98922411007742,40.09875715491866
421010312003,-75.07928705778589,40.033877056647675
421010313002,-75.06563283157931,40.03769354479746
421010311023,-75.08346682361017,40.03471491938146
421010016001,-75.15013223227926,39.94053662678861
421019891001,-75.00578113792142,40.034348006506555
421010348011,-75.01479158686645,40.05405279350019
421010122012,-75.2059117736171,40.00443994338272
421010353021,-74.99203981795033,40.07749822875647
421010292003,-75.09000965746223,40.02796274976694
421010390004,-75.08661089278117,40.032737358315885
421010355001,-75.0222525041869,40.09257479576999
421010390005,-75.0897799442176,40.03016902960273
421010318004,-75.08171037044836,40.031135779920724
421010365013,-75.01683847977557,40.127072043307834
421010342001,-75.07438118696881,40.08163435351436
421010340001,-75.07118840000192,40.07390621163242
421019804001,-75.23182123811691,39.880424619483975
421010204003,-75.15113293309503,40.02090829939434
421010019003,-75.16876612086222,39.93951495868405
421010024003,-75.15934390772604,39.937486937953224
421010029001,-75.16705321937825,39.92811498351497
421010067007,-75.22302802402368,39.92749542032644
421010083022,-75.24119657345341,39.959868388831964
421010091003,-75.2006344205789,39.95984425138208
421010095003,-75.23875011115963,39.96313920828472
421010106002,-75.20650934795968,39.96396385293514
421010110004,-75.20168539097594,39.97319472164453
421010131001,-75.15090367613449,39.96564825086878
421010140003,-75.16049672384497,39.974321584036616
421010176013,-75.13071807209718,39.99201124795507
421010299002,-75.07472669017815,40.01064297501915
421010301005,-75.08891296966605,40.02312493995428
421010202005,-75.15878935829159,40.01166395321717
421010244003,-75.16461956112808,40.02643361735211
421010261001,-75.17386467197183,40.07056151579098
421010268004,-75.14031084191319,40.05030736876636
421010281001,-75.14867295834406,40.03302814591173
421010300005,-75.08016490236221,40.01415567280269
421010306007,-75.09252103562265,40.05201242904251
421010332001,-75.04891664322915,40.04477634033544
421010030024,-75.17067086362856,39.93140406986739
421010001001,-75.1452986265071,39.95035345710272
421010017002,-75.15072171242333,39.9382540451416
421010072001,-75.23433548743246,39.942323471362556
421010134023,-75.16901252363427,39.964315413894134
421010158001,-75.1301755196181,39.97567286267424
421010172013,-75.16783106593842,40.00194337407818
421010197001,-75.13590621568709,40.01708296240024
421010215002,-75.2305938033142,40.0312190787154
421010388004,-75.19708611303294,40.052292053953764
421010317004,-75.06560247782379,40.03348690370771
421010188002,-75.10235935228869,39.9975515108925
421010382002,-75.10268242731335,39.99019717907396
421010199003,-75.1457813631651,40.00693539237893
421010090004,-75.19145964584253,39.95729850335466
421010090001,-75.19236157772475,39.961660103339746
421010090002,-75.19149124875528,39.959760654557314
421010091001,-75.19662608926902,39.96160788128018
421010092001,-75.20881953364051,39.959858774058965
421010093001,-75.22181181363347,39.96349071401084
421010093002,-75.22197214805269,39.962011178644154
421010093003,-75.22201178491495,39.960428710896466
421010101007,-75.24340420033569,39.97256456982849
421010102001,-75.23395936375961,39.969588971615494
421010104002,-75.21898691641422,39.9692513831502
421010104004,-75.218036141683,39.96233621029966
421010104001,-75.22169243074119,39.96824409608134
421010105003,-75.2137122558709,39.96311122595416
421010105001,-75.21501637295943,39.96589481133334
421010094001,-75.23122155277265,39.96395400958537
421010095001,-75.2365078518048,39.968167024521854
421010096002,-75.24142326866598,39.96363033138787
421010096004,-75.24479461884464,39.96485215473635
421010096005,-75.24446945837425,39.96637442878028
421010098021,-75.2626209822697,39.97427620915024
421010098022,-75.2689429539754,39.97379842179811
421010098012,-75.26739445643078,39.977069565400186
421010100002,-75.24852105907429,39.97060746286628
421010063004,-75.24200750537932,39.91964337068407
421010029003,-75.1643410415138,39.93216890111203
421010175006,-75.14140955298484,40.00119369615424
421010024005,-75.16397642624153,39.93799366412451
421010033002,-75.19773692978004,39.939855797578794
421010022003,-75.17194196596986,39.93684360811547
421010023002,-75.16259317063248,39.93440765317075
421010031001,-75.17676760373794,39.934070801647785
421010032004,-75.18631069804601,39.93483655645645
421010064003,-75.24303757928243,39.924138374776014
421010100004,-75.2521587174551,39.97217158334902
421010102003,-75.23046476256117,39.96939199734883
421010105002,-75.21439663496263,39.97029100922188
421010111005,-75.22381383570159,39.9749710319474
421010107004,-75.20581870938965,39.9695946002624
421010108003,-75.19627566028187,39.96525906466623
421010109001,-75.19227758997702,39.96600135080506
421010246002,-75.17163161519323,40.04249159215312
421010113002,-75.23225449367139,39.978297947513546
421010062004,-75.23495885941001,39.91955839927197
421010065006,-75.23723296562368,39.94033637853106
421010070005,-75.2193595153591,39.93541892844323
421010074004,-75.2181492805975,39.94084428596981
421010073004,-75.22585195642023,39.94631494488705
421010080004,-75.22851196720354,39.95184755547302
421010082006,-75.24660751802841,39.94826580951081
421010084004,-75.23409213510203,39.959710745532256
421010085007,-75.22807234823085,39.95922078535158
421010093005,-75.226473892878,39.963623146644984
421010090003,-75.18874749431471,39.960301835998024
421010152002,-75.17058338821332,39.987452743675995
421010142002,-75.13518908639371,39.96491874191936
421010152004,-75.16851303182517,39.98317151799292
421010153003,-75.16121054328856,39.98612613755528
421010162002,-75.1407048748097,39.98433809544144
421010092002,-75.20437560383905,39.96085498188826
421010109003,-75.19213873022056,39.96379163381067
421010094002,-75.2298447740093,39.96261156864979
421010102002,-75.23169756369374,39.96691617326462
421010207004,-75.19757078667253,40.01072192460975
421010170001,-75.18794844781328,40.004557712794664
421010171004,-75.18038899724147,40.00086282560903
421010141001,-75.1498425773097,39.970436651172314
421010114006,-75.24334990780967,39.983511137265175
421010157003,-75.13534070628977,39.97685219256442
421010168001,-75.17051585042826,39.99096603130814
421010174002,-75.15207499308482,39.99607559964188
421010173002,-75.16037850150096,39.99858290873338
421010171003,-75.17107687424478,40.00575664009019
421010206001,-75.18253236563486,40.01902012586664
421010257003,-75.19996730617449,40.07171468007183
421010094003,-75.23449072275629,39.96188524922475
421010081025,-75.23226552078043,39.95349557678721
421010077002,-75.20786579406249,39.94454678987274
421010062002,-75.23165509062885,39.91910216009127
421010060003,-75.23721892836346,39.91396023305359
421010067001,-75.22052866806906,39.92383179785261
421010071021,-75.2254638782306,39.942889361324845
421010264003,-75.1629287647084,40.05971284309794
421010030023,-75.173577524078,39.93303834949266
421010213001,-75.21937019658203,40.03497564075712
421010115004,-75.25387557316304,39.97554036022107
421010101005,-75.24565274589845,39.97040526665535
421010286004,-75.13012933481073,40.031388758718
421010315023,-75.05527102136297,40.036112444705665
421010306003,-75.09511866715985,40.04853548022965
421010161002,-75.12389524067032,39.98604531590154
421010311012,-75.0778155116713,40.041854024040475
421010138002,-75.17758761709787,39.9751173645411
421010132002,-75.1581759527831,39.9660046214937
421010139002,-75.16949299942307,39.9765879707057
421010141002,-75.15640750768284,39.97154301499633
421010135004,-75.16729704038883,39.96917556652755
421010140001,-75.16412954953188,39.972627659693785
421010179003,-75.11361563135617,39.98470864337359
421010349003,-75.01380277921362,40.04076440965029
421010326003,-75.04097793075832,40.03201479533266
421010025003,-75.1519635626849,39.93272035037717
421010137002,-75.18083295632317,39.97674721244282
421010137005,-75.18663220536362,39.97797688433933
421010148001,-75.16916096879595,39.9802047192788
421010147002,-75.16104768262153,39.978726299646034
421010108002,-75.20044551358873,39.96654749661311
421010066003,-75.2338842616629,39.928489986855666
421010336001,-75.05452796680133,40.062160738033704
421010178006,-75.12070749169821,39.98868776264905
421010179005,-75.11774916484168,39.98584992163145
421010163004,-75.1353385453356,39.986815694630245
421010174001,-75.14869616118284,39.99634762072344
421010164003,-75.14571194501612,39.991258522681896
421010088012,-75.1981132790479,39.955503299739966
421010243002,-75.17288353284269,40.02220218511795
421010341006,-75.07983371142971,40.08061414750024
421010160004,-75.1230027993901,39.98192843946042
421010080003,-75.22919801371884,39.948863942967385
421010145002,-75.14792585219044,39.974505748141574
421010145001,-75.14869233158566,39.97694010476998
421010197006,-75.13978724127966,40.017992401261324
421010198004,-75.13943718859123,40.01068456911661
421010318003,-75.07873934618513,40.03040819702364
421010267002,-75.14437239002872,40.053983395703526
421010274012,-75.12857117187114,40.03855672754307
421010175005,-75.14214678265377,39.997855618883534
421010334001,-75.04805448064498,40.058217388016395
421010094004,-75.23429287523408,39.964190686185226
421010095004,-75.23860401493577,39.96744995394024
421010096001,-75.24267480137878,39.96736962729531
421010101004,-75.24188722915935,39.96977405298959
421010115003,-75.24995395522808,39.97649920894427
421010117001,-75.2404368854878,39.99190701251099
421010120002,-75.23027980881852,39.99657842544875
421010305022,-75.1052999588693,40.04740681928166
421010286006,-75.12959297982215,40.02886657952603
421010315014,-75.05078279016807,40.03693046999358
421010336004,-75.061676876989,40.06314121582996
421010160001,-75.12060571430415,39.983145361684
421010316001,-75.05784000300052,40.03471468224468
421010204001,-75.15656136764848,40.02140731363336
421010323002,-75.05464195840209,40.02156135788889
421010330003,-75.03687758098845,40.03680619340871
421010255001,-75.18529907140598,40.063716129471175
421010259003,-75.17725016685215,40.077276739179474
421010039012,-75.1718956175235,39.92210247943145
421010072003,-75.23131258966866,39.943002986074184
421010037022,-75.18349574333212,39.92456109622334
421010238001,-75.18302969013806,40.043271580743195
421010078003,-75.22034332205132,39.94637610911062
421010248001,-75.16469683768808,40.048242726132045
421010209004,-75.21217815809962,40.01950347754574
421010120001,-75.2285144721063,39.99311526310109
421010136021,-75.17728031732268,39.971208622399146
421010171001,-75.17425844773322,40.00353593786689
421010114005,-75.24459994446714,39.978582490618614
421010265001,-75.15404153299889,40.062320151060746
421010267006,-75.15082877808598,40.05612461416446
421010153001,-75.15774108892778,39.98335605348818
421010144002,-75.13794426471254,39.97210792743622
421010273005,-75.12116090310188,40.0414903392236
421010273004,-75.12208454195232,40.0384972640715
421010336005,-75.05925136624978,40.06553402718315
421010316003,-75.05902973187999,40.029119355606426
421010192002,-75.11330406955858,40.001758223730214
421010180013,-75.11344172783474,39.98184161724629
421010280001,-75.15521321575227,40.023496805880235
421010301003,-75.08959259825868,40.01999912790163
421010326006,-75.03943772827431,40.02795254874187
421010027023,-75.15041242790775,39.92813654784302
421010215001,-75.22583795145171,40.038929785675826
421010093004,-75.22584453261719,39.96170930742411
421010108005,-75.20008121509794,39.96459598608025
421010238005,-75.18613822916906,40.04005453507078
421010082005,-75.24813438779702,39.94993473652187
421010083011,-75.24662941857363,39.9602456330284
421010163001,-75.12908880010426,39.98931940126274
421010316002,-75.05652327823631,40.0311488982544
421010177023,-75.12029770282811,39.99738366210526
421010192003,-75.11451271958099,39.99935577518235
421010390008,-75.09258025941337,40.03263717992287
421010146003,-75.15440400445344,39.97325824196622
421010071025,-75.23138605500694,39.94035320191569
421010088023,-75.20263847938453,39.95349327356802
421010086023,-75.22037361169016,39.95728910971756
421010037011,-75.17708245395059,39.92806635051107
421010070001,-75.21985816884852,39.937806295270185
421010136023,-75.17966931168644,39.971508079962945
421010214002,-75.21900865722093,40.028112663079256
421010136024,-75.17541173476513,39.97096964086496
421010362013,-74.99017912884973,40.08104244021496
421010315013,-75.05098160230644,40.03382477142822
421010112001,-75.23052276148736,39.97538744925934
421010011012,-75.16277186780233,39.94383006630543
421010067003,-75.2275611656596,39.92167886367767
421010078005,-75.21404256516334,39.94779873985013
421010040022,-75.1658140195987,39.917401003516126
421010238003,-75.17956647008205,40.0360497584104
421010245004,-75.16591065982468,40.033696811157384
421010083024,-75.24128276575374,39.95461396797787
421010171002,-75.17050636271635,40.002288128597144
421010202003,-75.15959954821602,40.0083128849864
421010190004,-75.10096226485041,40.01139511000802
421010210001,-75.21292667033143,40.02729646450589
421010153002,-75.16076170774497,39.984483270231145
421010032005,-75.18667073042145,39.93158196480748
421010066002,-75.22991245646504,39.93082186734484
421010277005,-75.15553866407966,40.0497220237322
421010301004,-75.09248979360267,40.02063382472787
421010198003,-75.14056265383316,40.00874032235244
421010269001,-75.12852311098769,40.05414855874603
421010298005,-75.0701598046975,40.01523890750182
421010316005,-75.05959933659051,40.03284109637002
421010178007,-75.12136619176474,39.990556529166
421010041023,-75.16295022913116,39.917030751421336
421010349002,-75.0111545577163,40.04413444397628
421010028013,-75.15629013312103,39.93141183151469
421010008041,-75.16934865309858,39.94876057856226
421010095002,-75.23698574637889,39.96482313725947
421010011011,-75.16426178336715,39.945546038899685
421010191006,-75.1085935735359,40.00968562719201
421010084002,-75.23365086111396,39.95788030336527
421010072004,-75.22892768446992,39.944637074386584
421010079003,-75.22117120970563,39.94933188636745
421010037015,-75.18115209775897,39.928989483504004
421010253001,-75.1788858236501,40.054242785482174
421010274024,-75.1247048257679,40.04048259839962
421010164002,-75.14027323635563,39.98739154773741
421010306004,-75.09756766838755,40.04960178027309
421010315011,-75.04429919926001,40.037471734151005
421010338001,-75.06841671686219,40.06413821949366
421010191001,-75.10925156429774,40.01189556033006
421010310001,-75.06909022545193,40.050997567816836
421010319003,-75.06407710474977,40.019667115440825
421010281003,-75.14896568175324,40.02615939920706
421010083013,-75.24706018830145,39.9548113448433
421010083023,-75.24186920157295,39.95663717981429
421010083021,-75.24160165165226,39.9530830442384
421010083012,-75.24568427958576,39.95796114448249
421010084006,-75.23805964785001,39.959147061815735
421010084003,-75.23672242125477,39.957133518295876
421010085003,-75.22401142834602,39.95442532240899
421010085004,-75.22907744885127,39.95442471022679
421010085005,-75.22878121198609,39.95584613691108
421010085006,-75.22845656831079,39.9574091378768
421010086022,-75.21733640965212,39.95569275315985
421010087022,-75.20760096753764,39.951030961429396
421010087011,-75.2110925993271,39.950418307601886
421010087013,-75.21056828023673,39.95333483470509
421010087012,-75.20990077575254,39.956577047852946
421010088024,-75.20267241845814,39.95131777899137
421010088022,-75.20218044772567,39.95599110425889
421010177013,-75.11721905543462,39.99780280613012
421010213003,-75.21448908246384,40.03067733177592
421010030022,-75.17161470975888,39.93340038474452
421010012014,-75.18000525685319,39.94643356817399
421010277002,-75.14906786284008,40.04967432979438
421010345022,-75.03429891932959,40.080414101891606
421010176015,-75.13650523811793,39.99395402502721
421010081013,-75.23730093496465,39.94943989458545
421010107003,-75.20987554665835,39.96985453175846
421010022001,-75.16863366473274,39.937018433682844
421010253003,-75.18476966328883,40.05354529413313
421010290004,-75.1180542739579,40.027751276353236
421010192006,-75.12202560939829,40.001563238793935
421010338003,-75.07576922800841,40.06002762296826
421010283003,-75.1469634332497,40.02367143781737
421010330005,-75.0339283496193,40.03227085450741
421010027022,-75.14843423681356,39.9258882322337
421010084005,-75.23706017948251,39.95541750937467
421010085001,-75.22313558006582,39.95860673309186
421010253005,-75.18172836547477,40.055413437427035
421010033001,-75.19073830735422,39.933360378690786
421010041014,-75.16026916877529,39.92440416125207
421010210003,-75.21001329786404,40.02441152668424
421010038001,-75.17872994004063,39.920416914124324
421010213002,-75.21732448868589,40.03289905609189
421010240004,-75.17850781848098,40.02534970850093
421010118002,-75.23489248613883,39.987284522957225
421010030021,-75.16922627911799,39.933107570813114
421010070004,-75.22380874949967,39.93503370175977
421010037012,-75.17748977876015,39.92622961991539
421010078002,-75.21638601545882,39.945144136159584
421010033005,-75.19275998049599,39.934161622151024
421010149004,-75.18108200066895,39.98174018126499
421010147001,-75.16408668426219,39.978174299302474
421010114003,-75.24007123585633,39.977450093185745
421010038003,-75.17810491066584,39.92281556025186
421010039011,-75.17122233285694,39.92518551398408
421010039013,-75.1751949363125,39.921885315126865
421010039014,-75.17439170813104,39.92560275363996
421010039021,-75.17244159537546,39.91960484588439
421010039022,-75.17317369640524,39.91638137494159
421010039023,-75.17484281052356,39.91376465150018
421010039024,-75.1761837691704,39.917598708111335
421010040011,-75.16418065418765,39.924915137154684
421010040012,-75.16471548845908,39.92245623553485
421010040013,-75.16815571094263,39.92290272752168
421010040014,-75.1674110051566,39.92518179578811
421010040021,-75.16525647078517,39.919967433946766
421010040024,-75.16870375248038,39.92041303802032
421010041011,-75.15644789999538,39.923497069022694
421010041012,-75.15775462379159,39.921147248871684
421010041013,-75.16123120092648,39.92212554126745
421010041021,-75.15820484680187,39.91905942228804
421010041022,-75.15903783717957,39.91652754189313
421010042012,-75.15275829243521,39.92091940501341
421010067004,-75.22966540953757,39.92383981399408
421010190002,-75.09890406989555,40.01112654828702
421010266003,-75.14841921707684,40.066937973086596
421010277006,-75.1565726734416,40.052522875276225
421010365011,-75.00957583193315,40.12765794065017
421010164001,-75.14100866572903,39.99060684877612
421010308002,-75.08099100504845,40.05824194100922
421010336003,-75.06250914051788,40.05933037880473
421010298002,-75.06511032117898,40.01615749661659
421010041024,-75.16211496815339,39.91956253404571
421010152001,-75.1656325941705,39.98591832469006
421010167011,-75.16065980981058,39.992358119330774
421010082007,-75.2462215005783,39.950545222162475
421010042011,-75.14841938121855,39.92285840791038
421010197004,-75.13830964567727,40.01545109621551
421010157002,-75.13523742144072,39.97886730083162
421010011022,-75.15816108917105,39.94496995720172
421010274023,-75.12550424098373,40.037356076474495
421010042021,-75.14890952626584,39.917217811017345
421010042022,-75.15260530561805,39.915515019575906
421010042023,-75.15342869429202,39.917800726073075
421010042024,-75.15316326129917,39.919050061490026
421010042014,-75.15222784270568,39.923356346914574
421010372003,-75.16599400543316,39.914778095099564
421010050001,-75.16966056981119,39.88985505222835
421010054001,-75.25530077916713,39.88790773918632
421010055001,-75.2477548962837,39.910239969308996
421010055002,-75.24517349860811,39.90884855444811
421010060001,-75.23813842373684,39.90953228120106
421010060005,-75.23855730046824,39.91695111573966
421010060002,-75.23438569351899,39.90938459397829
421010061001,-75.22899788158585,39.914453383196516
421010062001,-75.2298785582656,39.92035394811304
421010063001,-75.23498266052522,39.925163096886386
421010063002,-75.2354855667068,39.923943741595714
421010063003,-75.23732556792675,39.9229634479965
421010064001,-75.23863781908645,39.928467386292716
421010061002,-75.22777296746455,39.91797101720907
421010064002,-75.24160201906605,39.92820612884398
421010065001,-75.22990869534779,39.933779105654544
421010065002,-75.23686632639765,39.93198423525638
421010065003,-75.23087393483182,39.935393686666494
421010065004,-75.2325286282298,39.93680946862003
421010065005,-75.24290424559722,39.94394592449825
421010066001,-75.2269744022345,39.930721667133625
421010067002,-75.22462812716103,39.9195421752643
421010067005,-75.22691205122908,39.925267489294534
421010067006,-75.22424246533923,39.9234917125928
421010069001,-75.21269363369188,39.93066599773367
421010069002,-75.21799702378804,39.929929132538604
421010069003,-75.21854186527617,39.93256580802272
421010070003,-75.2225745585574,39.933343424751676
421010070002,-75.22200869098448,39.936719698551634
421010071013,-75.22287362977404,39.93965016998383
421010071011,-75.2275427915689,39.93636848028049
421010071022,-75.22932493918236,39.93867674686253
421010071023,-75.22659233724119,39.940664625786155
421010072002,-75.23127565263358,39.946387038035226
421010074003,-75.21518039754197,39.9410924690592
421010078001,-75.21331229814751,39.94544432314702
421010078004,-75.21797372565345,39.94717822765635
421010079001,-75.21553687446132,39.95142153956705
421010079002,-75.2162711238373,39.94969458793662
421010079004,-75.22055384246973,39.951657428816056
421010080001,-75.22457033418834,39.95175012450125
421010080002,-75.22522696440443,39.949005776055166
421010081024,-75.23274170816448,39.95121622841787
421010081011,-75.23354932949913,39.94851321121788
421010081021,-75.23698463185917,39.950945143362745
421010081022,-75.23666085622077,39.95246696604709
421010081023,-75.23634552475853,39.954005239387406
421010082001,-75.24105716307218,39.95112299889226
421010082002,-75.24127490314632,39.94915488253593
421010082003,-75.24184017853342,39.94708840647268
421010082004,-75.24454517239336,39.94527743071035
421010073002,-75.22257435698057,39.94257772916234
421010073003,-75.22196034332002,39.9451911832894
421010074001,-75.21012116055071,39.943726094559544
421010074002,-75.21175687447789,39.94161782981411
421010072006,-75.23633519534313,39.945323141004586
421010073001,-75.22010743511885,39.9432152252243
421010074005,-75.21530476285663,39.93791997192754
421010338005,-75.0768390512833,40.064416073509
421010341002,-75.07705539452064,40.07500825380233
421010344003,-75.05405606513108,40.09584786885311
421010348022,-75.0143983091727,40.063788662203216
421010353013,-74.98952618943386,40.06272330726312
421010362024,-74.97540899943662,40.08752003148505
421010003002,-75.17605221193895,39.957720372331565
421010006001,-75.1583355221568,39.94938447390015
421010007003,-75.17882527920013,39.95192437875658
421010009021,-75.15507140629776,39.94694794829523
421010009022,-75.15844065641754,39.947402791958226
421010009011,-75.16118903307537,39.947749316119044
421010009012,-75.16347907632579,39.948032254935775
421010012024,-75.16655339467901,39.94520050599724
421010012022,-75.16985535151605,39.94524970275669
421010012023,-75.17327258875852,39.9455922568655
421010012013,-75.1766014499148,39.94601086536726
421010012011,-75.18338907150415,39.94755254360152
421010012012,-75.17732358375966,39.94781484052656
421010013001,-75.1787472091412,39.94431306912177
421010013002,-75.17919421788254,39.94255047208146
421010013003,-75.1796251526185,39.94057123200639
421010013004,-75.18195679049856,39.94296613155711
421010014002,-75.1762978470312,39.94366397037287
421010015001,-75.15451598793216,39.94135009995285
421010017001,-75.14613576447069,39.93731250491317
421010019001,-75.17226684552067,39.94076353771051
421010021002,-75.17571488339266,39.93700059615731
421010022002,-75.16981439917608,39.9351278820235
421010023001,-75.16375099612145,39.9356470754222
421010024001,-75.15483371417976,39.93715453397508
421010024002,-75.1560815585567,39.9339222202954
421010024004,-75.1569138920613,39.93605735379743
421010025004,-75.15221199756633,39.93538794955172
421010025001,-75.1489043565165,39.93463290399157
421010027024,-75.1511477069055,39.92573135810693
421010027012,-75.15424790568419,39.92611423441652
421010027013,-75.15370204368092,39.92855510819983
421010027011,-75.15315920514885,39.93099149236687
421010028011,-75.15683376300663,39.92897212151334
421010028012,-75.15737282795912,39.926530497786224
421010028021,-75.16053813315082,39.92675145874792
421010028022,-75.1642307416482,39.927152431444554
421010028024,-75.16271455454935,39.92940804988739
421010028025,-75.15942289808524,39.931311890813426
421010028023,-75.16009095065951,39.92879814329175
421010030012,-75.1700469042408,39.92818813052913
421010030013,-75.17215257488364,39.92845553879895
421010030014,-75.17422722038673,39.9287263587374
421010031002,-75.1755510646732,39.93140366762318
421010031003,-75.1767362248992,39.929675843393234
421010031004,-75.17973356419475,39.93035209715479
421010031005,-75.17803557511395,39.93194669253301
421010031006,-75.1803143208332,39.93348812557233
421010032001,-75.18253570178774,39.93481617564024
421010032002,-75.18293310194366,39.93298559627622
421010032003,-75.18332838656411,39.93115128140226
421010032006,-75.18889868758592,39.93311680307737
421010033003,-75.19137484187648,39.93657610180937
421010033006,-75.19569874864965,39.9352573758675
421010033004,-75.19513989599024,39.937769683711295
421010036002,-75.19694290147191,39.93077541541203
421010036004,-75.19490475438752,39.932023296099
421010037013,-75.18101851877523,39.92708925691027
421010037014,-75.18445108920957,39.927970020218744
421010037021,-75.17971707152056,39.92456547235168
421010037023,-75.18566253988858,39.92442468017966
421010284003,-75.13803538934526,40.02484386306905
421010286003,-75.13053153688352,40.0268606333108
421010306002,-75.09334894922839,40.0474164784861
421010199002,-75.1422409872549,40.005958129073136
421010205001,-75.16296725508757,40.01716784465982
421010211002,-75.20703060966481,40.028307335186064
421010357011,-75.02967622339752,40.10709455833816
421010363021,-74.97826499197318,40.09487349181248
